day_id,condition_text
D0001,Clear and Sunny
D0002,Clear and Sunny
D0003,Clear and Sunny
D0004,Clear and Sunny
D0005,Clear and Sunny
D0006,Clear and Sunny
D0007,Clear and Sunny
D0008,Clear and Sunny
D0009,Clear and Sunny
D0010,Clear and Sunny
D0011,Clear and Sunny
D0012,Clear and Sunny
D0013,Clear and Sunny
D0014,Clear and Sunny
D0015,Clear and Sunny
D0016,Clear and Sunny
D0017,Clear and Sunny
D0018,Clear and Sunny
D0019,Clear and Sunny
D0020,Clear and Sunny
D0021,Clear and Sunny
D0022,Clear and Sunny
D0023,Clear and Sunny
D0024,Clear and Sunny
D0025,Clear and Sunny
D0026,Clear and Sunny
D0027,Clear and Sunny
D0028,Clear and Sunny
D0029,Clear and Sunny
D0030,Clear and Sunny
D0031,Clear and Sunny
D0032,Clear and Sunny
D0033,Clear and Sunny
D0034,Clear and Sunny
D0035,Clear and Sunny
D0036,Clear and Sunny
D0037,Clear and Sunny
D0038,Clear and Sunny
D0039,Clear and Sunny
D0040,Clear and Sunny
D0041,Clear and Sunny
D0042,Clear and Sunny
D0043,Clear and Sunny
D0044,Clear and Sunny
D0045,Clear and Sunny
D0046,Clear and Sunny
D0047,Clear and Sunny
D0048,Clear and Sunny
D0049,Clear and Sunny
D0050,Clear and Sunny
D0051,Clear and Sunny
D0052,Clear and Sunny
D0053,Clear and Sunny
D0054,Clear and Sunny
D0055,Clear and Sunny
D0056,Clear and Sunny
D0057,Clear and Sunny
D0058,Clear and Sunny
D0059,Clear and Sunny
D0060,Clear and Sunny
D0061,Clear and Sunny
D0062,Clear and Sunny
D0063,Clear and Sunny
D0064,Clear and Sunny
D0065,Clear and Sunny
D0066,Clear and Sunny
D0067,Clear and Sunny
D0068,Clear and Sunny
D0069,Clear and Sunny
D0070,Clear and Sunny
D0071,Clear and Sunny
D0072,Clear and Sunny
D0073,Clear and Sunny
D0074,Clear and Sunny
D0075,Clear and Sunny
D0076,Clear and Sunny
D0077,Clear and Sunny
D0078,Clear and Sunny
D0079,Clear and Sunny
D0080,Clear and Sunny
D0081,Clear and Sunny
D0082,Clear and Sunny
D0083,Clear and Sunny
D0084,Clear and Sunny
D0085,Clear and Sunny
D0086,Clear and Sunny
D0087,Clear and Sunny
D0088,Clear and Sunny
D0089,Clear and Sunny
D0090,Clear and Sunny
D0091,Clear and Sunny
D0092,Clear and Sunny
D0093,Clear and Sunny
D0094,Clear and Sunny
D0095,Clear and Sunny
D0096,Clear and Sunny
D0097,Clear and Sunny
D0098,Clear and Sunny
D0099,Clear and Sunny
D0100,Clear and Sunny
D0101,Clear and Sunny
D0102,Clear and Sunny
D0103,Clear and Sunny
D0104,Clear and Sunny
D0105,Clear and Sunny
D0106,Clear and Sunny
D0107,Clear and Sunny
D0108,Clear and Sunny
D0109,Clear and Sunny
D0110,Clear and Sunny
D0111,Clear and Sunny
D0112,Clear and Sunny
D0113,Clear and Sunny
D0114,Clear and Sunny
D0115,Clear and Sunny
D0116,Clear and Sunny
D0117,Clear and Sunny
D0118,Clear and Sunny
D0119,Clear and Sunny
D0120,Clear and Sunny
D0121,Clear and Sunny
D0122,Clear and Sunny
D0123,Clear and Sunny
D0124,Clear and Sunny
D0125,Clear and Sunny
D0126,Clear and Sunny
D0127,Clear and Sunny
D0128,Clear and Sunny
D0129,Clear and Sunny
D0130,Clear and Sunny
D0131,Clear and Sunny
D0132,Clear and Sunny
D0133,Clear and Sunny
D0134,Clear and Sunny
D0135,Clear and Sunny
D0136,Clear and Sunny
D0137,Clear and Sunny
D0138,Clear and Sunny
D0139,Clear and Sunny
D0140,Clear and Sunny
D0141,Clear and Sunny
D0142,Clear and Sunny
D0143,Clear and Sunny
D0144,Clear and Sunny
D0145,Clear and Sunny
D0146,Clear and Sunny
D0147,Clear and Sunny
D0148,Clear and Sunny
D0149,Clear and Sunny
D0150,Clear and Sunny
D0151,Clear and Sunny
D0152,Clear and Sunny
D0153,Clear and Sunny
D0154,Clear and Sunny
D0155,Clear and Sunny
D0156,Clear and Sunny
D0157,Clear and Sunny
D0158,Clear and Sunny
D0159,Clear and Sunny
D0160,Clear and Sunny
D0161,Clear and Sunny
D0162,Clear and Sunny
D0163,Clear and Sunny
D0164,Clear and Sunny
D0165,Clear and Sunny
D0166,Clear and Sunny
D0167,Clear and Sunny
D0168,Clear and Sunny
D0169,Clear and Sunny
D0170,Clear and Sunny
D0171,Clear and Sunny
D0172,Clear and Sunny
D0173,Clear and Sunny
D0174,Clear and Sunny
D0175,Clear and Sunny
D0176,Clear and Sunny
D0177,Clear and Sunny
D0178,Clear and Sunny
D0179,Clear and Sunny
D0180,Clear and Sunny
D0181,Clear and Sunny
D0182,Clear and Sunny
D0183,Clear and Sunny
D0184,Clear and Sunny
D0185,Clear and Sunny
D0186,Clear and Sunny
D0187,Clear and Sunny
D0188,Clear and Sunny
D0189,Clear and Sunny
D0190,Clear and Sunny
D0191,Clear and Sunny
D0192,Clear and Sunny
D0193,Clear and Sunny
D0194,Clear and Sunny
D0195,Clear and Sunny
D0196,Clear and Sunny
D0197,Clear and Sunny
D0198,Clear and Sunny
D0199,Clear and Sunny
D0200,Clear and Sunny
D0201,Clear and Sunny
D0202,Clear and Sunny
D0203,Clear and Sunny
D0204,Clear and Sunny
D0205,Clear and Sunny
D0206,Clear and Sunny
D0207,Clear and Sunny
D0208,Clear and Sunny
D0209,Clear and Sunny
D0210,Clear and Sunny
D0211,Clear and Sunny
D0212,Clear and Sunny
D0213,Clear and Sunny
D0214,Clear and Sunny
D0215,Clear and Sunny
D0216,Clear and Sunny
D0217,Clear and Sunny
D0218,Clear and Sunny
D0219,Clear and Sunny
D0220,Clear and Sunny
D0221,Clear and Sunny
D0222,Clear and Sunny
D0223,Clear and Sunny
D0224,Clear and Sunny
D0225,Clear and Sunny
D0226,Clear and Sunny
D0227,Clear and Sunny
D0228,Clear and Sunny
D0229,Clear and Sunny
D0230,Clear and Sunny
D0231,Clear and Sunny
D0232,Clear and Sunny
D0233,Clear and Sunny
D0234,Clear and Sunny
D0235,Clear and Sunny
D0236,Clear and Sunny
D0237,Clear and Sunny
D0238,Clear and Sunny
D0239,Clear and Sunny
D0240,Clear and Sunny
D0241,Clear and Sunny
D0242,Clear and Sunny
D0243,Clear and Sunny
D0244,Clear and Sunny
D0245,Clear and Sunny
D0246,Clear and Sunny
D0247,Clear and Sunny
D0248,Clear and Sunny
D0249,Clear and Sunny
D0250,Clear and Sunny
D0251,Clear and Sunny
D0252,Clear and Sunny
D0253,Clear and Sunny
D0254,Clear and Sunny
D0255,Clear and Sunny
D0256,Clear and Sunny
D0257,Clear and Sunny
D0258,Clear and Sunny
D0259,Clear and Sunny
D0260,Clear and Sunny
D0261,Clear and Sunny
D0262,Clear and Sunny
D0263,Clear and Sunny
D0264,Clear and Sunny
D0265,Clear and Sunny
D0266,Clear and Sunny
D0267,Clear and Sunny
D0268,Clear and Sunny
D0269,Clear and Sunny
D0270,Clear and Sunny
D0271,Clear and Sunny
D0272,Clear and Sunny
D0273,Clear and Sunny
D0274,Clear and Sunny
D0275,Clear and Sunny
D0276,Clear and Sunny
D0277,Clear and Sunny
D0278,Clear and Sunny
D0279,Clear and Sunny
D0280,Clear and Sunny
D0281,Clear and Sunny
D0282,Clear and Sunny
D0283,Clear and Sunny
D0284,Clear and Sunny
D0285,Clear and Sunny
D0286,Clear and Sunny
D0287,Clear and Sunny
D0288,Clear and Sunny
D0289,Clear and Sunny
D0290,Clear and Sunny
D0291,Clear and Sunny
D0292,Clear and Sunny
D0293,Clear and Sunny
D0294,Clear and Sunny
D0295,Clear and Sunny
D0296,Clear and Sunny
D0297,Clear and Sunny
D0298,Clear and Sunny
D0299,Clear and Sunny
D0300,Clear and Sunny
D0301,Clear and Sunny
D0302,Clear and Sunny
D0303,Clear and Sunny
D0304,Clear and Sunny
D0305,Clear and Sunny
D0306,Clear and Sunny
D0307,Clear and Sunny
D0308,Clear and Sunny
D0309,Clear and Sunny
D0310,Clear and Sunny
D0311,Clear and Sunny
D0312,Clear and Sunny
D0313,Clear and Sunny
D0314,Clear and Sunny
D0315,Clear and Sunny
D0316,Clear and Sunny
D0317,Clear and Sunny
D0318,Clear and Sunny
D0319,Clear and Sunny
D0320,Clear and Sunny
D0321,Clear and Sunny
D0322,Clear and Sunny
D0323,Clear and Sunny
D0324,Clear and Sunny
D0325,Clear and Sunny
D0326,Clear and Sunny
D0327,Clear and Sunny
D0328,Clear and Sunny
D0329,Clear and Sunny
D0330,Clear and Sunny
D0331,Clear and Sunny
D0332,Clear and Sunny
D0333,Clear and Sunny
D0334,Clear and Sunny
D0335,Clear and Sunny
D0336,Clear and Sunny
D0337,Clear and Sunny
D0338,Clear and Sunny
D0339,Clear and Sunny
D0340,Clear and Sunny
D0341,Clear and Sunny
D0342,Clear and Sunny
D0343,Clear and Sunny
D0344,Clear and Sunny
D0345,Clear and Sunny
D0346,Clear and Sunny
D0347,Clear and Sunny
D0348,Clear and Sunny
D0349,Clear and Sunny
D0350,Clear and Sunny
D0351,Clear and Sunny
D0352,Clear and Sunny
D0353,Clear and Sunny
D0354,Clear and Sunny
D0355,Clear and Sunny
D0356,Clear and Sunny
D0357,Clear and Sunny
D0358,Clear and Sunny
D0359,Clear and Sunny
D0360,Clear and Sunny
D0361,Clear and Sunny
D0362,Clear and Sunny
D0363,Clear and Sunny
D0364,Clear and Sunny
D0365,Clear and Sunny
D0366,Clear and Sunny
D0367,Clear and Sunny
D0368,Clear and Sunny
D0369,Clear and Sunny
D0370,Clear and Sunny
D0371,Clear and Sunny
D0372,Clear and Sunny
D0373,Clear and Sunny
D0374,Clear and Sunny
D0375,Clear and Sunny
D0376,Clear and Sunny
D0377,Clear and Sunny
D0378,Clear and Sunny
D0379,Clear and Sunny
D0380,Clear and Sunny
D0381,Clear and Sunny
D0382,Clear and Sunny
D0383,Clear and Sunny
D0384,Clear and Sunny
D0385,Clear and Sunny
D0386,Clear and Sunny
D0387,Clear and Sunny
D0388,Clear and Sunny
D0389,Clear and Sunny
D0390,Clear and Sunny
D0391,Clear and Sunny
D0392,Clear and Sunny
D0393,Clear and Sunny
D0394,Clear and Sunny
D0395,Clear and Sunny
D0396,Clear and Sunny
D0397,Clear and Sunny
D0398,Clear and Sunny
D0399,Clear and Sunny
D0400,Clear and Sunny
D0401,Clear and Sunny
D0402,Clear and Sunny
D0403,Clear and Sunny
D0404,Clear and Sunny
D0405,Clear and Sunny
D0406,Clear and Sunny
D0407,Clear and Sunny
D0408,Clear and Sunny
D0409,Clear and Sunny
D0410,Clear and Sunny
D0411,Clear and Sunny
D0412,Clear and Sunny
D0413,Clear and Sunny
D0414,Clear and Sunny
D0415,Clear and Sunny
D0416,Clear and Sunny
D0417,Clear and Sunny
D0418,Clear and Sunny
D0419,Clear and Sunny
D0420,Clear and Sunny
D0421,Clear and Sunny
D0422,Clear and Sunny
D0423,Clear and Sunny
D0424,Clear and Sunny
D0425,Clear and Sunny
D0426,Clear and Sunny
D0427,Clear and Sunny
D0428,Clear and Sunny
D0429,Clear and Sunny
D0430,Clear and Sunny
D0431,Clear and Sunny
D0432,Clear and Sunny
D0433,Clear and Sunny
D0434,Clear and Sunny
D0435,Clear and Sunny
D0436,Clear and Sunny
D0437,Clear and Sunny
D0438,Clear and Sunny
D0439,Clear and Sunny
D0440,Clear and Sunny
D0441,Clear and Sunny
D0442,Clear and Sunny
D0443,Clear and Sunny
D0444,Clear and Sunny
D0445,Clear and Sunny
D0446,Clear and Sunny
D0447,Clear and Sunny
D0448,Clear and Sunny
D0449,Clear and Sunny
D0450,Clear and Sunny
D0451,Clear and Sunny
D0452,Clear and Sunny
D0453,Clear and Sunny
D0454,Clear and Sunny
D0455,Clear and Sunny
D0456,Clear and Sunny
D0457,Clear and Sunny
D0458,Clear and Sunny
D0459,Clear and Sunny
D0460,Clear and Sunny
D0461,Clear and Sunny
D0462,Clear and Sunny
D0463,Clear and Sunny
D0464,Clear and Sunny
D0465,Clear and Sunny
D0466,Clear and Sunny
D0467,Clear and Sunny
D0468,Clear and Sunny
D0469,Clear and Sunny
D0470,Clear and Sunny
D0471,Clear and Sunny
D0472,Clear and Sunny
D0473,Clear and Sunny
D0474,Clear and Sunny
D0475,Clear and Sunny
D0476,Clear and Sunny
D0477,Clear and Sunny
D0478,Clear and Sunny
D0479,Clear and Sunny
D0480,Clear and Sunny
D0481,Clear and Sunny
D0482,Clear and Sunny
D0483,Clear and Sunny
D0484,Clear and Sunny
D0485,Clear and Sunny
D0486,Clear and Sunny
D0487,Clear and Sunny
D0488,Clear and Sunny
D0489,Clear and Sunny
D0490,Clear and Sunny
D0491,Clear and Sunny
D0492,Clear and Sunny
D0493,Clear and Sunny
D0494,Clear and Sunny
D0495,Clear and Sunny
D0496,Clear and Sunny
D0497,Clear and Sunny
D0498,Clear and Sunny
D0499,Clear and Sunny
D0500,Clear and Sunny
D0501,Clear and Sunny
D0502,Clear and Sunny
D0503,Clear and Sunny
D0504,Clear and Sunny
D0505,Clear and Sunny
D0506,Clear and Sunny
D0507,Clear and Sunny
D0508,Clear and Sunny
D0509,Clear and Sunny
D0510,Clear and Sunny
D0511,Clear and Sunny
D0512,Clear and Sunny
D0513,Clear and Sunny
D0514,Clear and Sunny
D0515,Clear and Sunny
D0516,Clear and Sunny
D0517,Clear and Sunny
D0518,Clear and Sunny
D0519,Clear and Sunny
D0520,Clear and Sunny
D0521,Clear and Sunny
D0522,Clear and Sunny
D0523,Clear and Sunny
D0524,Clear and Sunny
D0525,Clear and Sunny
D0526,Clear and Sunny
D0527,Clear and Sunny
D0528,Clear and Sunny
D0529,Clear and Sunny
D0530,Clear and Sunny
D0531,Clear and Sunny
D0532,Clear and Sunny
D0533,Clear and Sunny
D0534,Clear and Sunny
D0535,Clear and Sunny
D0536,Clear and Sunny
D0537,Clear and Sunny
D0538,Clear and Sunny
D0539,Clear and Sunny
D0540,Clear and Sunny
D0541,Clear and Sunny
D0542,Clear and Sunny
D0543,Clear and Sunny
D0544,Clear and Sunny
D0545,Clear and Sunny
D0546,Clear and Sunny
D0547,Clear and Sunny
D0548,Clear and Sunny
D0549,Clear and Sunny
D0550,Clear and Sunny
D0551,Clear and Sunny
D0552,Clear and Sunny
D0553,Clear and Sunny
D0554,Clear and Sunny
D0555,Clear and Sunny
D0556,Clear and Sunny
D0557,Clear and Sunny
D0558,Clear and Sunny
D0559,Clear and Sunny
D0560,Clear and Sunny
D0561,Clear and Sunny
D0562,Clear and Sunny
D0563,Clear and Sunny
D0564,Clear and Sunny
D0565,Clear and Sunny
D0566,Clear and Sunny
D0567,Clear and Sunny
D0568,Clear and Sunny
D0569,Clear and Sunny
D0570,Clear and Sunny
D0571,Clear and Sunny
D0572,Clear and Sunny
D0573,Clear and Sunny
D0574,Clear and Sunny
D0575,Clear and Sunny
D0576,Clear and Sunny
D0577,Clear and Sunny
D0578,Clear and Sunny
D0579,Clear and Sunny
D0580,Clear and Sunny
D0581,Clear and Sunny
D0582,Clear and Sunny
D0583,Clear and Sunny
D0584,Clear and Sunny
D0585,Clear and Sunny
D0586,Clear and Sunny
D0587,Clear and Sunny
D0588,Clear and Sunny
D0589,Clear and Sunny
D0590,Clear and Sunny
D0591,Clear and Sunny
D0592,Clear and Sunny
D0593,Clear and Sunny
D0594,Clear and Sunny
D0595,Clear and Sunny
D0596,Clear and Sunny
D0597,Clear and Sunny
D0598,Clear and Sunny
D0599,Clear and Sunny
D0600,Clear and Sunny
D0601,Clear and Sunny
D0602,Clear and Sunny
D0603,Clear and Sunny
D0604,Clear and Sunny
D0605,Clear and Sunny
D0606,Clear and Sunny
D0607,Clear and Sunny
D0608,Clear and Sunny
D0609,Clear and Sunny
D0610,Clear and Sunny
D0611,Clear and Sunny
D0612,Clear and Sunny
D0613,Clear and Sunny
D0614,Clear and Sunny
D0615,Clear and Sunny
D0616,Clear and Sunny
D0617,Clear and Sunny
D0618,Clear and Sunny
D0619,Clear and Sunny
D0620,Clear and Sunny
D0621,Clear and Sunny
D0622,Clear and Sunny
D0623,Clear and Sunny
D0624,Clear and Sunny
D0625,Clear and Sunny
D0626,Clear and Sunny
D0627,Clear and Sunny
D0628,Clear and Sunny
D0629,Clear and Sunny
D0630,Clear and Sunny
D0631,Clear and Sunny
D0632,Clear and Sunny
D0633,Clear and Sunny
D0634,Clear and Sunny
D0635,Clear and Sunny
D0636,Clear and Sunny
D0637,Clear and Sunny
D0638,Clear and Sunny
D0639,Clear and Sunny
D0640,Clear and Sunny
D0641,Clear and Sunny
D0642,Clear and Sunny
D0643,Clear and Sunny
D0644,Clear and Sunny
D0645,Clear and Sunny
D0646,Clear and Sunny
D0647,Clear and Sunny
D0648,Clear and Sunny
D0649,Clear and Sunny
D0650,Clear and Sunny
D0651,Clear and Sunny
D0652,Clear and Sunny
D0653,Clear and Sunny
D0654,Clear and Sunny
D0655,Clear and Sunny
D0656,Clear and Sunny
D0657,Clear and Sunny
D0658,Clear and Sunny
D0659,Clear and Sunny
D0660,Clear and Sunny
D0661,Clear and Sunny
D0662,Clear and Sunny
D0663,Clear and Sunny
D0664,Clear and Sunny
D0665,Clear and Sunny
D0666,Clear and Sunny
D0667,Clear and Sunny
D0668,Clear and Sunny
D0669,Clear and Sunny
D0670,Clear and Sunny
D0671,Clear and Sunny
D0672,Clear and Sunny
D0673,Clear and Sunny
D0674,Clear and Sunny
D0675,Clear and Sunny
D0676,Clear and Sunny
D0677,Clear and Sunny
D0678,Clear and Sunny
D0679,Clear and Sunny
D0680,Clear and Sunny
D0681,Clear and Sunny
D0682,Clear and Sunny
D0683,Clear and Sunny
D0684,Clear and Sunny
D0685,Clear and Sunny
D0686,Clear and Sunny
D0687,Clear and Sunny
D0688,Clear and Sunny
D0689,Clear and Sunny
D0690,Clear and Sunny
D0691,Clear and Sunny
D0692,Clear and Sunny
D0693,Clear and Sunny
D0694,Clear and Sunny
D0695,Clear and Sunny
D0696,Clear and Sunny
D0697,Clear and Sunny
D0698,Clear and Sunny
D0699,Clear and Sunny
D0700,Clear and Sunny
D0701,Clear and Sunny
D0702,Clear and Sunny
D0703,Clear and Sunny
D0704,Clear and Sunny
D0705,Clear and Sunny
D0706,Clear and Sunny
D0707,Clear and Sunny
D0708,Clear and Sunny
D0709,Clear and Sunny
D0710,Clear and Sunny
D0711,Clear and Sunny
D0712,Clear and Sunny
D0713,Clear and Sunny
D0714,Clear and Sunny
D0715,Clear and Sunny
D0716,Clear and Sunny
D0717,Clear and Sunny
D0718,Clear and Sunny
D0719,Clear and Sunny
D0720,Clear and Sunny
D0721,Clear and Sunny
D0722,Clear and Sunny
D0723,Clear and Sunny
D0724,Clear and Sunny
D0725,Clear and Sunny
D0726,Clear and Sunny
D0727,Clear and Sunny
D0728,Clear and Sunny
D0729,Clear and Sunny
D0730,Clear and Sunny
D0731,Clear and Sunny
D0732,Clear and Sunny
D0733,Clear and Sunny
D0734,Clear and Sunny
D0735,Clear and Sunny
D0736,Clear and Sunny
D0737,Clear and Sunny
D0738,Clear and Sunny
D0739,Clear and Sunny
D0740,Clear and Sunny
D0741,Clear and Sunny
D0742,Clear and Sunny
D0743,Clear and Sunny
D0744,Clear and Sunny
D0745,Clear and Sunny
D0746,Clear and Sunny
D0747,Clear and Sunny
D0748,Clear and Sunny
D0749,Clear and Sunny
D0750,Clear and Sunny
D0751,Clear and Sunny
D0752,Clear and Sunny
D0753,Clear and Sunny
D0754,Clear and Sunny
D0755,Clear and Sunny
D0756,Clear and Sunny
D0757,Clear and Sunny
D0758,Clear and Sunny
D0759,Clear and Sunny
D0760,Clear and Sunny
D0761,Clear and Sunny
D0762,Clear and Sunny
D0763,Clear and Sunny
D0764,Clear and Sunny
D0765,Clear and Sunny
D0766,Clear and Sunny
D0767,Clear and Sunny
D0768,Clear and Sunny
D0769,Clear and Sunny
D0770,Clear and Sunny
D0771,Clear and Sunny
D0772,Clear and Sunny
D0773,Clear and Sunny
D0774,Clear and Sunny
D0775,Clear and Sunny
D0776,Clear and Sunny
D0777,Clear and Sunny
D0778,Clear and Sunny
D0779,Clear and Sunny
D0780,Clear and Sunny
D0781,Clear and Sunny
D0782,Clear and Sunny
D0783,Clear and Sunny
D0784,Clear and Sunny
D0785,Clear and Sunny
D0786,Clear and Sunny
D0787,Clear and Sunny
D0788,Clear and Sunny
D0789,Clear and Sunny
D0790,Clear and Sunny
D0791,Clear and Sunny
D0792,Clear and Sunny
D0793,Clear and Sunny
D0794,Clear and Sunny
D0795,Clear and Sunny
D0796,Clear and Sunny
D0797,Clear and Sunny
D0798,Clear and Sunny
D0799,Clear and Sunny
D0800,Clear and Sunny
D0801,Clear and Sunny
D0802,Clear and Sunny
D0803,Clear and Sunny
D0804,Clear and Sunny
D0805,Clear and Sunny
D0806,Clear and Sunny
D0807,Clear and Sunny
D0808,Clear and Sunny
D0809,Clear and Sunny
D0810,Clear and Sunny
D0811,Clear and Sunny
D0812,Clear and Sunny
D0813,Clear and Sunny
D0814,Clear and Sunny
D0815,Clear and Sunny
D0816,Clear and Sunny
D0817,Clear and Sunny
D0818,Clear and Sunny
D0819,Clear and Sunny
D0820,Clear and Sunny
D0821,Clear and Sunny
D0822,Clear and Sunny
D0823,Clear and Sunny
D0824,Clear and Sunny
D0825,Clear and Sunny
D0826,Clear and Sunny
D0827,Clear and Sunny
D0828,Clear and Sunny
D0829,Clear and Sunny
D0830,Clear and Sunny
D0831,Clear and Sunny
D0832,Clear and Sunny
D0833,Clear and Sunny
D0834,Clear and Sunny
D0835,Clear and Sunny
D0836,Clear and Sunny
D0837,Clear and Sunny
D0838,Clear and Sunny
D0839,Clear and Sunny
D0840,Clear and Sunny
D0841,Clear and Sunny
D0842,Clear and Sunny
D0843,Clear and Sunny
D0844,Clear and Sunny
D0845,Clear and Sunny
D0846,Clear and Sunny
D0847,Clear and Sunny
D0848,Clear and Sunny
D0849,Clear and Sunny
D0850,Clear and Sunny
D0851,Clear and Sunny
D0852,Clear and Sunny
D0853,Clear and Sunny
D0854,Clear and Sunny
D0855,Clear and Sunny
D0856,Clear and Sunny
D0857,Clear and Sunny
D0858,Clear and Sunny
D0859,Clear and Sunny
D0860,Clear and Sunny
D0861,Clear and Sunny
D0862,Clear and Sunny
D0863,Clear and Sunny
D0864,Clear and Sunny
D0865,Clear and Sunny
D0866,Clear and Sunny
D0867,Clear and Sunny
D0868,Clear and Sunny
D0869,Clear and Sunny
D0870,Clear and Sunny
D0871,Clear and Sunny
D0872,Clear and Sunny
D0873,Clear and Sunny
D0874,Clear and Sunny
D0875,Clear and Sunny
D0876,Clear and Sunny
D0877,Clear and Sunny
D0878,Clear and Sunny
D0879,Clear and Sunny
D0880,Clear and Sunny
D0881,Clear and Sunny
D0882,Clear and Sunny
D0883,Clear and Sunny
D0884,Clear and Sunny
D0885,Clear and Sunny
D0886,Clear and Sunny
D0887,Clear and Sunny
D0888,Clear and Sunny
D0889,Clear and Sunny
D0890,Clear and Sunny
D0891,Clear and Sunny
D0892,Clear and Sunny
D0893,Clear and Sunny
D0894,Clear and Sunny
D0895,Clear and Sunny
D0896,Clear and Sunny
D0897,Clear and Sunny
D0898,Clear and Sunny
D0899,Clear and Sunny
D0900,Clear and Sunny
D0901,Clear and Sunny
D0902,Clear and Sunny
D0903,Clear and Sunny
D0904,Clear and Sunny
D0905,Clear and Sunny
D0906,Clear and Sunny
D0907,Clear and Sunny
D0908,Clear and Sunny
D0909,Clear and Sunny
D0910,Clear and Sunny
D0911,Clear and Sunny
D0912,Clear and Sunny
D0913,Clear and Sunny
D0914,Clear and Sunny
D0915,Clear and Sunny
D0916,Clear and Sunny
D0917,Clear and Sunny
D0918,Clear and Sunny
D0919,Clear and Sunny
D0920,Clear and Sunny
D0921,Clear and Sunny
D0922,Clear and Sunny
D0923,Clear and Sunny
D0924,Clear and Sunny
D0925,Clear and Sunny
D0926,Clear and Sunny
D0927,Clear and Sunny
D0928,Clear and Sunny
D0929,Clear and Sunny
D0930,Clear and Sunny
D0931,Clear and Sunny
D0932,Clear and Sunny
D0933,Clear and Sunny
D0934,Clear and Sunny
D0935,Clear and Sunny
D0936,Clear and Sunny
D0937,Clear and Sunny
D0938,Clear and Sunny
D0939,Clear and Sunny
D0940,Clear and Sunny
D0941,Clear and Sunny
D0942,Clear and Sunny
D0943,Clear and Sunny
D0944,Clear and Sunny
D0945,Clear and Sunny
D0946,Clear and Sunny
D0947,Clear and Sunny
D0948,Clear and Sunny
D0949,Clear and Sunny
D0950,Clear and Sunny
D0951,Clear and Sunny
D0952,Clear and Sunny
D0953,Clear and Sunny
D0954,Clear and Sunny
D0955,Clear and Sunny
D0956,Clear and Sunny
D0957,Clear and Sunny
D0958,Clear and Sunny
D0959,Clear and Sunny
D0960,Clear and Sunny
D0961,Clear and Sunny
D0962,Clear and Sunny
D0963,Clear and Sunny
D0964,Clear and Sunny
D0965,Clear and Sunny
D0966,Clear and Sunny
D0967,Clear and Sunny
D0968,Clear and Sunny
D0969,Clear and Sunny
D0970,Clear and Sunny
D0971,Clear and Sunny
D0972,Clear and Sunny
D0973,Clear and Sunny
D0974,Clear and Sunny
D0975,Clear and Sunny
D0976,Clear and Sunny
D0977,Clear and Sunny
D0978,Clear and Sunny
D0979,Clear and Sunny
D0980,Clear and Sunny
D0981,Clear and Sunny
D0982,Clear and Sunny
D0983,Clear and Sunny
D0984,Clear and Sunny
D0985,Clear and Sunny
D0986,Clear and Sunny
D0987,Clear and Sunny
D0988,Clear and Sunny
D0989,Clear and Sunny
D0990,Clear and Sunny
D0991,Clear and Sunny
D0992,Clear and Sunny
D0993,Clear and Sunny
D0994,Clear and Sunny
D0995,Clear and Sunny
D0996,Clear and Sunny
D0997,Clear and Sunny
D0998,Clear and Sunny
D0999,Clear and Sunny
D1000,Clear and Sunny
D1001,Clear and Sunny
D1002,Clear and Sunny
D1003,Clear and Sunny
D1004,Clear and Sunny
D1005,Clear and Sunny
D1006,Clear and Sunny
D1007,Clear and Sunny
D1008,Clear and Sunny
D1009,Clear and Sunny
D1010,Clear and Sunny
D1011,Clear and Sunny
D1012,Clear and Sunny
D1013,Clear and Sunny
D1014,Clear and Sunny
D1015,Clear and Sunny
D1016,Clear and Sunny
D1017,Clear and Sunny
D1018,Clear and Sunny
D1019,Clear and Sunny
D1020,Clear and Sunny
D1021,Clear and Sunny
D1022,Clear and Sunny
D1023,Clear and Sunny
D1024,Clear and Sunny
D1025,Clear and Sunny
D1026,Clear and Sunny
D1027,Clear and Sunny
D1028,Clear and Sunny
D1029,Clear and Sunny
D1030,Clear and Sunny
D1031,Clear and Sunny
D1032,Clear and Sunny
D1033,Clear and Sunny
D1034,Clear and Sunny
D1035,Clear and Sunny
D1036,Clear and Sunny
D1037,Clear and Sunny
D1038,Clear and Sunny
D1039,Clear and Sunny
D1040,Clear and Sunny
D1041,Clear and Sunny
D1042,Clear and Sunny
D1043,Clear and Sunny
D1044,Clear and Sunny
D1045,Clear and Sunny
D1046,Clear and Sunny
D1047,Clear and Sunny
D1048,Clear and Sunny
D1049,Clear and Sunny
D1050,Clear and Sunny
D1051,Clear and Sunny
D1052,Clear and Sunny
D1053,Clear and Sunny
D1054,Clear and Sunny
D1055,Clear and Sunny
D1056,Clear and Sunny
D1057,Clear and Sunny
D1058,Clear and Sunny
D1059,Clear and Sunny
D1060,Clear and Sunny
D1061,Clear and Sunny
D1062,Clear and Sunny
D1063,Clear and Sunny
D1064,Clear and Sunny
D1065,Clear and Sunny
D1066,Clear and Sunny
D1067,Clear and Sunny
D1068,Clear and Sunny
D1069,Clear and Sunny
D1070,Clear and Sunny
D1071,Clear and Sunny
D1072,Clear and Sunny
D1073,Clear and Sunny
D1074,Clear and Sunny
D1075,Clear and Sunny
D1076,Clear and Sunny
D1077,Clear and Sunny
D1078,Clear and Sunny
D1079,Clear and Sunny
D1080,Clear and Sunny
D1081,Clear and Sunny
D1082,Clear and Sunny
D1083,Clear and Sunny
D1084,Clear and Sunny
D1085,Clear and Sunny
D1086,Clear and Sunny
D1087,Clear and Sunny
D1088,Clear and Sunny
D1089,Clear and Sunny
D1090,Clear and Sunny
D1091,Clear and Sunny
D1092,Clear and Sunny
D1093,Clear and Sunny
D1094,Clear and Sunny
D1095,Clear and Sunny
D1096,Clear and Sunny
D1097,Clear and Sunny
D1098,Clear and Sunny
D1099,Clear and Sunny
D1100,Clear and Sunny
D1101,Clear and Sunny
D1102,Clear and Sunny
D1103,Clear and Sunny
D1104,Clear and Sunny
D1105,Clear and Sunny
D1106,Clear and Sunny
D1107,Clear and Sunny
D1108,Clear and Sunny
D1109,Clear and Sunny
D1110,Clear and Sunny
D1111,Clear and Sunny
D1112,Clear and Sunny
D1113,Clear and Sunny
D1114,Clear and Sunny
D1115,Clear and Sunny
D1116,Clear and Sunny
D1117,Clear and Sunny
D1118,Clear and Sunny
D1119,Clear and Sunny
D1120,Clear and Sunny
D1121,Clear and Sunny
D1122,Clear and Sunny
D1123,Clear and Sunny
D1124,Clear and Sunny
D1125,Clear and Sunny
D1126,Clear and Sunny
D1127,Clear and Sunny
D1128,Clear and Sunny
D1129,Clear and Sunny
D1130,Clear and Sunny
D1131,Clear and Sunny
D1132,Clear and Sunny
D1133,Clear and Sunny
D1134,Clear and Sunny
D1135,Clear and Sunny
D1136,Clear and Sunny
D1137,Clear and Sunny
D1138,Clear and Sunny
D1139,Clear and Sunny
D1140,Clear and Sunny
D1141,Clear and Sunny
D1142,Clear and Sunny
D1143,Clear and Sunny
D1144,Clear and Sunny
D1145,Clear and Sunny
D1146,Clear and Sunny
D1147,Clear and Sunny
D1148,Clear and Sunny
D1149,Clear and Sunny
D1150,Clear and Sunny
D1151,Clear and Sunny
D1152,Clear and Sunny
D1153,Clear and Sunny
D1154,Clear and Sunny
D1155,Clear and Sunny
D1156,Clear and Sunny
D1157,Clear and Sunny
D1158,Clear and Sunny
D1159,Clear and Sunny
D1160,Clear and Sunny
D1161,Clear and Sunny
D1162,Clear and Sunny
D1163,Clear and Sunny
D1164,Clear and Sunny
D1165,Clear and Sunny
D1166,Clear and Sunny
D1167,Clear and Sunny
D1168,Clear and Sunny
D1169,Clear and Sunny
D1170,Clear and Sunny
D1171,Clear and Sunny
D1172,Clear and Sunny
D1173,Clear and Sunny
D1174,Clear and Sunny
D1175,Clear and Sunny
D1176,Clear and Sunny
D1177,Clear and Sunny
D1178,Clear and Sunny
D1179,Clear and Sunny
D1180,Clear and Sunny
D1181,Clear and Sunny
D1182,Clear and Sunny
D1183,Clear and Sunny
D1184,Clear and Sunny
D1185,Clear and Sunny
D1186,Clear and Sunny
D1187,Clear and Sunny
D1188,Clear and Sunny
D1189,Clear and Sunny
D1190,Clear and Sunny
D1191,Clear and Sunny
D1192,Clear and Sunny
D1193,Clear and Sunny
D1194,Clear and Sunny
D1195,Clear and Sunny
D1196,Clear and Sunny
D1197,Clear and Sunny
D1198,Clear and Sunny
D1199,Clear and Sunny
D1200,Clear and Sunny
D1201,Clear and Sunny
D1202,Clear and Sunny
D1203,Clear and Sunny
D1204,Clear and Sunny
D1205,Clear and Sunny
D1206,Clear and Sunny
D1207,Clear and Sunny
D1208,Clear and Sunny
D1209,Clear and Sunny
D1210,Clear and Sunny
D1211,Clear and Sunny
D1212,Clear and Sunny
D1213,Clear and Sunny
D1214,Clear and Sunny
D1215,Clear and Sunny
D1216,Clear and Sunny
D1217,Clear and Sunny
D1218,Clear and Sunny
D1219,Clear and Sunny
D1220,Clear and Sunny
D1221,Clear and Sunny
D1222,Clear and Sunny
D1223,Clear and Sunny
D1224,Clear and Sunny
D1225,Clear and Sunny
D1226,Clear and Sunny
D1227,Clear and Sunny
D1228,Clear and Sunny
D1229,Clear and Sunny
D1230,Clear and Sunny
D1231,Clear and Sunny
D1232,Clear and Sunny
D1233,Clear and Sunny
D1234,Clear and Sunny
D1235,Clear and Sunny
D1236,Clear and Sunny
D1237,Clear and Sunny
D1238,Clear and Sunny
D1239,Clear and Sunny
D1240,Clear and Sunny
D1241,Clear and Sunny
D1242,Clear and Sunny
D1243,Clear and Sunny
D1244,Clear and Sunny
D1245,Clear and Sunny
D1246,Clear and Sunny
D1247,Clear and Sunny
D1248,Clear and Sunny
D1249,Clear and Sunny
D1250,Clear and Sunny
D1251,Clear and Sunny
D1252,Clear and Sunny
D1253,Clear and Sunny
D1254,Clear and Sunny
D1255,Clear and Sunny
D1256,Clear and Sunny
D1257,Clear and Sunny
D1258,Clear and Sunny
D1259,Clear and Sunny
D1260,Clear and Sunny
D1261,Clear and Sunny
D1262,Clear and Sunny
D1263,Clear and Sunny
D1264,Clear and Sunny
D1265,Clear and Sunny
D1266,Clear and Sunny
D1267,Clear and Sunny
D1268,Clear and Sunny
D1269,Clear and Sunny
D1270,Clear and Sunny
D1271,Clear and Sunny
D1272,Clear and Sunny
D1273,Clear and Sunny
D1274,Clear and Sunny
D1275,Clear and Sunny
D1276,Clear and Sunny
D1277,Clear and Sunny
D1278,Clear and Sunny
D1279,Clear and Sunny
D1280,Clear and Sunny
D1281,Clear and Sunny
D1282,Clear and Sunny
D1283,Clear and Sunny
D1284,Clear and Sunny
D1285,Clear and Sunny
D1286,Clear and Sunny
D1287,Clear and Sunny
D1288,Clear and Sunny
D1289,Clear and Sunny
D1290,Clear and Sunny
D1291,Clear and Sunny
D1292,Clear and Sunny
D1293,Clear and Sunny
D1294,Clear and Sunny
D1295,Clear and Sunny
D1296,Clear and Sunny
D1297,Clear and Sunny
D1298,Clear and Sunny
D1299,Clear and Sunny
D1300,Clear and Sunny
D1301,Clear and Sunny
D1302,Clear and Sunny
D1303,Clear and Sunny
D1304,Clear and Sunny
D1305,Clear and Sunny
D1306,Clear and Sunny
D1307,Clear and Sunny
D1308,Clear and Sunny
D1309,Clear and Sunny
D1310,Clear and Sunny
D1311,Clear and Sunny
D1312,Clear and Sunny
D1313,Clear and Sunny
D1314,Clear and Sunny
D1315,Clear and Sunny
D1316,Clear and Sunny
D1317,Clear and Sunny
D1318,Clear and Sunny
D1319,Clear and Sunny
D1320,Clear and Sunny
D1321,Clear and Sunny
D1322,Clear and Sunny
D1323,Clear and Sunny
D1324,Clear and Sunny
D1325,Clear and Sunny
D1326,Clear and Sunny
D1327,Clear and Sunny
D1328,Clear and Sunny
D1329,Clear and Sunny
D1330,Clear and Sunny
D1331,Clear and Sunny
D1332,Clear and Sunny
D1333,Clear and Sunny
D1334,Clear and Sunny
D1335,Clear and Sunny
D1336,Clear and Sunny
D1337,Clear and Sunny
D1338,Clear and Sunny
D1339,Clear and Sunny
D1340,Clear and Sunny
D1341,Clear and Sunny
D1342,Clear and Sunny
D1343,Clear and Sunny
D1344,Clear and Sunny
D1345,Clear and Sunny
D1346,Clear and Sunny
D1347,Clear and Sunny
D1348,Clear and Sunny
D1349,Clear and Sunny
D1350,Clear and Sunny
D1351,Clear and Sunny
D1352,Clear and Sunny
D1353,Clear and Sunny
D1354,Clear and Sunny
D1355,Clear and Sunny
D1356,Clear and Sunny
D1357,Clear and Sunny
D1358,Clear and Sunny
D1359,Clear and Sunny
D1360,Clear and Sunny
D1361,Clear and Sunny
D1362,Clear and Sunny
D1363,Clear and Sunny
D1364,Clear and Sunny
D1365,Clear and Sunny
D1366,Clear and Sunny
D1367,Clear and Sunny
D1368,Clear and Sunny
D1369,Clear and Sunny
D1370,Clear and Sunny
D1371,Clear and Sunny
D1372,Clear and Sunny
D1373,Clear and Sunny
D1374,Clear and Sunny
D1375,Clear and Sunny
D1376,Clear and Sunny
D1377,Clear and Sunny
D1378,Clear and Sunny
D1379,Clear and Sunny
D1380,Clear and Sunny
D1381,Clear and Sunny
D1382,Clear and Sunny
D1383,Clear and Sunny
D1384,Clear and Sunny
D1385,Clear and Sunny
D1386,Clear and Sunny
D1387,Clear and Sunny
D1388,Clear and Sunny
D1389,Clear and Sunny
D1390,Clear and Sunny
D1391,Clear and Sunny
D1392,Clear and Sunny
D1393,Clear and Sunny
D1394,Clear and Sunny
D1395,Clear and Sunny
D1396,Clear and Sunny
D1397,Clear and Sunny
D1398,Clear and Sunny
D1399,Clear and Sunny
D1400,Clear and Sunny
D1401,Clear and Sunny
D1402,Clear and Sunny
D1403,Clear and Sunny
D1404,Clear and Sunny
D1405,Clear and Sunny
D1406,Clear and Sunny
D1407,Clear and Sunny
D1408,Clear and Sunny
D1409,Clear and Sunny
D1410,Clear and Sunny
D1411,Clear and Sunny
D1412,Clear and Sunny
D1413,Clear and Sunny
D1414,Clear and Sunny
D1415,Clear and Sunny
D1416,Clear and Sunny
D1417,Clear and Sunny
D1418,Clear and Sunny
D1419,Clear and Sunny
D1420,Clear and Sunny
D1421,Clear and Sunny
D1422,Clear and Sunny
D1423,Clear and Sunny
D1424,Clear and Sunny
D1425,Clear and Sunny
D1426,Clear and Sunny
D1427,Clear and Sunny
D1428,Clear and Sunny
D1429,Clear and Sunny
D1430,Clear and Sunny
D1431,Clear and Sunny
D1432,Clear and Sunny
D1433,Clear and Sunny
D1434,Clear and Sunny
D1435,Clear and Sunny
D1436,Clear and Sunny
D1437,Clear and Sunny
D1438,Clear and Sunny
D1439,Clear and Sunny
D1440,Clear and Sunny
D1441,Clear and Sunny
D1442,Clear and Sunny
D1443,Clear and Sunny
D1444,Clear and Sunny
D1445,Clear and Sunny
D1446,Clear and Sunny
D1447,Clear and Sunny
D1448,Clear and Sunny
D1449,Clear and Sunny
D1450,Clear and Sunny
D1451,Clear and Sunny
D1452,Clear and Sunny
D1453,Clear and Sunny
D1454,Clear and Sunny
D1455,Clear and Sunny
D1456,Clear and Sunny
D1457,Clear and Sunny
D1458,Clear and Sunny
D1459,Clear and Sunny
D1460,Clear and Sunny
D1461,Clear and Sunny
D1462,Clear and Sunny
D1463,Clear and Sunny
D1464,Clear and Sunny
D1465,Clear and Sunny
D1466,Clear and Sunny
D1467,Clear and Sunny
D1468,Clear and Sunny
D1469,Clear and Sunny
D1470,Clear and Sunny
D1471,Clear and Sunny
D1472,Clear and Sunny
D1473,Clear and Sunny
D1474,Clear and Sunny
D1475,Clear and Sunny
D1476,Clear and Sunny
D1477,Clear and Sunny
D1478,Clear and Sunny
D1479,Clear and Sunny
D1480,Clear and Sunny
D1481,Clear and Sunny
D1482,Clear and Sunny
D1483,Clear and Sunny
D1484,Clear and Sunny
D1485,Clear and Sunny
D1486,Clear and Sunny
D1487,Clear and Sunny
D1488,Clear and Sunny
D1489,Clear and Sunny
D1490,Clear and Sunny
D1491,Clear and Sunny
D1492,Clear and Sunny
D1493,Clear and Sunny
D1494,Clear and Sunny
D1495,Clear and Sunny
D1496,Clear and Sunny
D1497,Clear and Sunny
D1498,Clear and Sunny
D1499,Clear and Sunny
D1500,Clear and Sunny
D1501,Clear and Sunny
D1502,Clear and Sunny
D1503,Clear and Sunny
D1504,Clear and Sunny
D1505,Clear and Sunny
D1506,Clear and Sunny
D1507,Clear and Sunny
D1508,Clear and Sunny
D1509,Clear and Sunny
D1510,Clear and Sunny
D1511,Clear and Sunny
D1512,Clear and Sunny
D1513,Clear and Sunny
D1514,Clear and Sunny
D1515,Clear and Sunny
D1516,Clear and Sunny
D1517,Clear and Sunny
D1518,Clear and Sunny
D1519,Clear and Sunny
D1520,Clear and Sunny
D1521,Clear and Sunny
D1522,Clear and Sunny
D1523,Clear and Sunny
D1524,Clear and Sunny
D1525,Clear and Sunny
D1526,Clear and Sunny
D1527,Clear and Sunny
D1528,Clear and Sunny
D1529,Clear and Sunny
D1530,Clear and Sunny
D1531,Clear and Sunny
D1532,Clear and Sunny
D1533,Clear and Sunny
D1534,Clear and Sunny
D1535,Clear and Sunny
D1536,Clear and Sunny
D1537,Clear and Sunny
D1538,Clear and Sunny
D1539,Clear and Sunny
D1540,Clear and Sunny
D1541,Clear and Sunny
D1542,Clear and Sunny
D1543,Clear and Sunny
D1544,Clear and Sunny
D1545,Clear and Sunny
D1546,Clear and Sunny
D1547,Clear and Sunny
D1548,Clear and Sunny
D1549,Clear and Sunny
D1550,Clear and Sunny
D1551,Clear and Sunny
D1552,Clear and Sunny
D1553,Clear and Sunny
D1554,Clear and Sunny
D1555,Clear and Sunny
D1556,Clear and Sunny
D1557,Clear and Sunny
D1558,Clear and Sunny
D1559,Clear and Sunny
D1560,Clear and Sunny
D1561,Clear and Sunny
D1562,Clear and Sunny
D1563,Clear and Sunny
D1564,Clear and Sunny
D1565,Clear and Sunny
D1566,Clear and Sunny
D1567,Clear and Sunny
D1568,Clear and Sunny
D1569,Clear and Sunny
D1570,Clear and Sunny
D1571,Clear and Sunny
D1572,Clear and Sunny
D1573,Clear and Sunny
D1574,Clear and Sunny
D1575,Clear and Sunny
D1576,Clear and Sunny
D1577,Clear and Sunny
D1578,Clear and Sunny
D1579,Clear and Sunny
D1580,Clear and Sunny
D1581,Clear and Sunny
D1582,Clear and Sunny
D1583,Clear and Sunny
D1584,Clear and Sunny
D1585,Clear and Sunny
D1586,Clear and Sunny
D1587,Clear and Sunny
D1588,Clear and Sunny
D1589,Clear and Sunny
D1590,Clear and Sunny
D1591,Clear and Sunny
D1592,Clear and Sunny
D1593,Clear and Sunny
D1594,Clear and Sunny
D1595,Clear and Sunny
D1596,Clear and Sunny
D1597,Clear and Sunny
D1598,Clear and Sunny
D1599,Clear and Sunny
D1600,Clear and Sunny
D1601,Clear and Sunny
D1602,Clear and Sunny
D1603,Clear and Sunny
D1604,Clear and Sunny
D1605,Clear and Sunny
D1606,Clear and Sunny
D1607,Clear and Sunny
D1608,Clear and Sunny
D1609,Clear and Sunny
D1610,Clear and Sunny
D1611,Clear and Sunny
D1612,Clear and Sunny
D1613,Clear and Sunny
D1614,Clear and Sunny
D1615,Clear and Sunny
D1616,Clear and Sunny
D1617,Clear and Sunny
D1618,Clear and Sunny
D1619,Clear and Sunny
D1620,Clear and Sunny
D1621,Clear and Sunny
D1622,Clear and Sunny
D1623,Clear and Sunny
D1624,Clear and Sunny
D1625,Clear and Sunny
D1626,Clear and Sunny
D1627,Clear and Sunny
D1628,Clear and Sunny
D1629,Clear and Sunny
D1630,Clear and Sunny
D1631,Clear and Sunny
D1632,Clear and Sunny
D1633,Clear and Sunny
D1634,Clear and Sunny
D1635,Clear and Sunny
D1636,Clear and Sunny
D1637,Clear and Sunny
D1638,Clear and Sunny
D1639,Clear and Sunny
D1640,Clear and Sunny
D1641,Clear and Sunny
D1642,Clear and Sunny
D1643,Clear and Sunny
D1644,Clear and Sunny
D1645,Clear and Sunny
D1646,Clear and Sunny
D1647,Clear and Sunny
D1648,Clear and Sunny
D1649,Clear and Sunny
D1650,Clear and Sunny
D1651,Clear and Sunny
D1652,Clear and Sunny
D1653,Clear and Sunny
D1654,Clear and Sunny
D1655,Clear and Sunny
D1656,Clear and Sunny
D1657,Clear and Sunny
D1658,Clear and Sunny
D1659,Clear and Sunny
D1660,Clear and Sunny
D1661,Clear and Sunny
D1662,Clear and Sunny
D1663,Clear and Sunny
D1664,Clear and Sunny
D1665,Clear and Sunny
D1666,Clear and Sunny
D1667,Clear and Sunny
D1668,Clear and Sunny
D1669,Clear and Sunny
D1670,Clear and Sunny
D1671,Clear and Sunny
D1672,Clear and Sunny
D1673,Clear and Sunny
D1674,Clear and Sunny
D1675,Clear and Sunny
D1676,Clear and Sunny
D1677,Clear and Sunny
D1678,Clear and Sunny
D1679,Clear and Sunny
D1680,Clear and Sunny
D1681,Clear and Sunny
D1682,Clear and Sunny
D1683,Clear and Sunny
D1684,Clear and Sunny
D1685,Clear and Sunny
D1686,Clear and Sunny
D1687,Clear and Sunny
D1688,Clear and Sunny
D1689,Clear and Sunny
D1690,Clear and Sunny
D1691,Clear and Sunny
D1692,Clear and Sunny
D1693,Clear and Sunny
D1694,Clear and Sunny
D1695,Clear and Sunny
D1696,Clear and Sunny
D1697,Clear and Sunny
D1698,Clear and Sunny
D1699,Clear and Sunny
D1700,Clear and Sunny
D1701,Clear and Sunny
D1702,Clear and Sunny
D1703,Clear and Sunny
D1704,Clear and Sunny
D1705,Clear and Sunny
D1706,Clear and Sunny
D1707,Clear and Sunny
D1708,Clear and Sunny
D1709,Clear and Sunny
D1710,Clear and Sunny
D1711,Clear and Sunny
D1712,Clear and Sunny
D1713,Clear and Sunny
D1714,Clear and Sunny
D1715,Clear and Sunny
D1716,Clear and Sunny
D1717,Clear and Sunny
D1718,Clear and Sunny
D1719,Clear and Sunny
D1720,Clear and Sunny
D1721,Clear and Sunny
D1722,Clear and Sunny
D1723,Clear and Sunny
D1724,Clear and Sunny
D1725,Clear and Sunny
D1726,Clear and Sunny
D1727,Clear and Sunny
D1728,Clear and Sunny
D1729,Clear and Sunny
D1730,Clear and Sunny
D1731,Clear and Sunny
D1732,Clear and Sunny
D1733,Clear and Sunny
D1734,Clear and Sunny
D1735,Clear and Sunny
D1736,Clear and Sunny
D1737,Clear and Sunny
D1738,Clear and Sunny
D1739,Clear and Sunny
D1740,Clear and Sunny
D1741,Clear and Sunny
D1742,Clear and Sunny
D1743,Clear and Sunny
D1744,Clear and Sunny
D1745,Clear and Sunny
D1746,Clear and Sunny
D1747,Clear and Sunny
D1748,Clear and Sunny
D1749,Clear and Sunny
D1750,Clear and Sunny
D1751,Clear and Sunny
D1752,Clear and Sunny
D1753,Clear and Sunny
D1754,Clear and Sunny
D1755,Clear and Sunny
D1756,Clear and Sunny
D1757,Clear and Sunny
D1758,Clear and Sunny
D1759,Clear and Sunny
D1760,Clear and Sunny
D1761,Clear and Sunny
D1762,Clear and Sunny
D1763,Clear and Sunny
D1764,Clear and Sunny
D1765,Clear and Sunny
D1766,Clear and Sunny
D1767,Clear and Sunny
D1768,Clear and Sunny
D1769,Clear and Sunny
D1770,Clear and Sunny
D1771,Clear and Sunny
D1772,Clear and Sunny
D1773,Clear and Sunny
D1774,Clear and Sunny
D1775,Clear and Sunny
D1776,Clear and Sunny
D1777,Clear and Sunny
D1778,Clear and Sunny
D1779,Clear and Sunny
D1780,Clear and Sunny
D1781,Clear and Sunny
D1782,Clear and Sunny
D1783,Clear and Sunny
D1784,Clear and Sunny
D1785,Clear and Sunny
D1786,Clear and Sunny
D1787,Clear and Sunny
D1788,Clear and Sunny
D1789,Clear and Sunny
D1790,Clear and Sunny
D1791,Clear and Sunny
D1792,Clear and Sunny
D1793,Clear and Sunny
D1794,Clear and Sunny
D1795,Clear and Sunny
D1796,Clear and Sunny
D1797,Clear and Sunny
D1798,Clear and Sunny
D1799,Clear and Sunny
D1800,Clear and Sunny
D1801,Clear and Sunny
D1802,Clear and Sunny
D1803,Clear and Sunny
D1804,Clear and Sunny
D1805,Clear and Sunny
D1806,Clear and Sunny
D1807,Clear and Sunny
D1808,Clear and Sunny
D1809,Clear and Sunny
D1810,Clear and Sunny
D1811,Clear and Sunny
D1812,Clear and Sunny
D1813,Clear and Sunny
D1814,Clear and Sunny
D1815,Clear and Sunny
D1816,Clear and Sunny
D1817,Clear and Sunny
D1818,Clear and Sunny
D1819,Clear and Sunny
D1820,Clear and Sunny
D1821,Clear and Sunny
D1822,Clear and Sunny
D1823,Clear and Sunny
D1824,Clear and Sunny
D1825,Clear and Sunny
D1826,Clear and Sunny
D1827,Clear and Sunny
D1828,Clear and Sunny
D1829,Clear and Sunny
D1830,Clear and Sunny
D1831,Clear and Sunny
D1832,Clear and Sunny
D1833,Clear and Sunny
D1834,Clear and Sunny
D1835,Clear and Sunny
D1836,Clear and Sunny
D1837,Clear and Sunny
D1838,Clear and Sunny
D1839,Clear and Sunny
D1840,Clear and Sunny
D1841,Clear and Sunny
D1842,Clear and Sunny
D1843,Clear and Sunny
D1844,Clear and Sunny
D1845,Clear and Sunny
D1846,Clear and Sunny
D1847,Clear and Sunny
D1848,Clear and Sunny
D1849,Clear and Sunny
D1850,Clear and Sunny
D1851,Clear and Sunny
D1852,Clear and Sunny
D1853,Clear and Sunny
D1854,Clear and Sunny
D1855,Clear and Sunny
D1856,Clear and Sunny
D1857,Clear and Sunny
D1858,Clear and Sunny
D1859,Clear and Sunny
D1860,Clear and Sunny
D1861,Clear and Sunny
D1862,Clear and Sunny
D1863,Clear and Sunny
D1864,Clear and Sunny
D1865,Clear and Sunny
D1866,Clear and Sunny
D1867,Clear and Sunny
D1868,Clear and Sunny
D1869,Clear and Sunny
D1870,Clear and Sunny
D1871,Clear and Sunny
D1872,Clear and Sunny
D1873,Clear and Sunny
D1874,Clear and Sunny
D1875,Clear and Sunny
D1876,Clear and Sunny
D1877,Clear and Sunny
D1878,Clear and Sunny
D1879,Clear and Sunny
D1880,Clear and Sunny
D1881,Clear and Sunny
D1882,Clear and Sunny
D1883,Clear and Sunny
D1884,Clear and Sunny
D1885,Clear and Sunny
D1886,Clear and Sunny
D1887,Clear and Sunny
D1888,Clear and Sunny
D1889,Clear and Sunny
D1890,Clear and Sunny
D1891,Clear and Sunny
D1892,Clear and Sunny
D1893,Clear and Sunny
D1894,Clear and Sunny
D1895,Clear and Sunny
D1896,Clear and Sunny
D1897,Clear and Sunny
D1898,Clear and Sunny
D1899,Clear and Sunny
D1900,Clear and Sunny
D1901,Clear and Sunny
D1902,Clear and Sunny
D1903,Clear and Sunny
D1904,Clear and Sunny
D1905,Clear and Sunny
D1906,Clear and Sunny
D1907,Clear and Sunny
D1908,Clear and Sunny
D1909,Clear and Sunny
D1910,Clear and Sunny
D1911,Clear and Sunny
D1912,Clear and Sunny
D1913,Clear and Sunny
D1914,Clear and Sunny
D1915,Clear and Sunny
D1916,Clear and Sunny
D1917,Clear and Sunny
D1918,Clear and Sunny
D1919,Clear and Sunny
D1920,Clear and Sunny
D1921,Clear and Sunny
D1922,Clear and Sunny
D1923,Clear and Sunny
D1924,Clear and Sunny
D1925,Clear and Sunny
D1926,Clear and Sunny
D1927,Clear and Sunny
D1928,Clear and Sunny
D1929,Clear and Sunny
D1930,Clear and Sunny
D1931,Clear and Sunny
D1932,Clear and Sunny
D1933,Clear and Sunny
D1934,Clear and Sunny
D1935,Clear and Sunny
D1936,Clear and Sunny
D1937,Clear and Sunny
D1938,Clear and Sunny
D1939,Clear and Sunny
D1940,Clear and Sunny
D1941,Clear and Sunny
D1942,Clear and Sunny
D1943,Clear and Sunny
D1944,Clear and Sunny
D1945,Clear and Sunny
D1946,Clear and Sunny
D1947,Clear and Sunny
D1948,Clear and Sunny
D1949,Clear and Sunny
D1950,Clear and Sunny
D1951,Clear and Sunny
D1952,Clear and Sunny
D1953,Clear and Sunny
D1954,Clear and Sunny
D1955,Clear and Sunny
D1956,Clear and Sunny
D1957,Clear and Sunny
D1958,Clear and Sunny
D1959,Clear and Sunny
D1960,Clear and Sunny
D1961,Clear and Sunny
D1962,Clear and Sunny
D1963,Clear and Sunny
D1964,Clear and Sunny
D1965,Clear and Sunny
D1966,Clear and Sunny
D1967,Clear and Sunny
D1968,Clear and Sunny
D1969,Clear and Sunny
D1970,Clear and Sunny
D1971,Clear and Sunny
D1972,Clear and Sunny
D1973,Clear and Sunny
D1974,Clear and Sunny
D1975,Clear and Sunny
D1976,Clear and Sunny
D1977,Clear and Sunny
D1978,Clear and Sunny
D1979,Clear and Sunny
D1980,Clear and Sunny
D1981,Clear and Sunny
D1982,Clear and Sunny
D1983,Clear and Sunny
D1984,Clear and Sunny
D1985,Clear and Sunny
D1986,Clear and Sunny
D1987,Clear and Sunny
D1988,Clear and Sunny
D1989,Clear and Sunny
D1990,Clear and Sunny
D1991,Clear and Sunny
D1992,Clear and Sunny
D1993,Clear and Sunny
D1994,Clear and Sunny
D1995,Clear and Sunny
D1996,Clear and Sunny
D1997,Clear and Sunny
D1998,Clear and Sunny
D1999,Clear and Sunny
D2000,Clear and Sunny
D2001,Clear and Sunny
D2002,Clear and Sunny
D2003,Clear and Sunny
D2004,Clear and Sunny
D2005,Clear and Sunny
D2006,Clear and Sunny
D2007,Clear and Sunny
D2008,Clear and Sunny
D2009,Clear and Sunny
D2010,Clear and Sunny
D2011,Clear and Sunny
D2012,Clear and Sunny
D2013,Clear and Sunny
D2014,Clear and Sunny
D2015,Clear and Sunny
D2016,Clear and Sunny
D2017,Clear and Sunny
D2018,Clear and Sunny
D2019,Clear and Sunny
D2020,Clear and Sunny
D2021,Clear and Sunny
D2022,Clear and Sunny
D2023,Clear and Sunny
D2024,Clear and Sunny
D2025,Clear and Sunny
D2026,Clear and Sunny
D2027,Clear and Sunny
D2028,Clear and Sunny
D2029,Clear and Sunny
D2030,Clear and Sunny
D2031,Clear and Sunny
D2032,Clear and Sunny
D2033,Clear and Sunny
D2034,Clear and Sunny
D2035,Clear and Sunny
D2036,Clear and Sunny
D2037,Clear and Sunny
D2038,Clear and Sunny
D2039,Clear and Sunny
D2040,Clear and Sunny
D2041,Clear and Sunny
D2042,Clear and Sunny
D2043,Clear and Sunny
D2044,Clear and Sunny
D2045,Clear and Sunny
D2046,Clear and Sunny
D2047,Clear and Sunny
D2048,Clear and Sunny
D2049,Clear and Sunny
D2050,Clear and Sunny
D2051,Clear and Sunny
D2052,Clear and Sunny
D2053,Clear and Sunny
D2054,Clear and Sunny
D2055,Clear and Sunny
D2056,Clear and Sunny
D2057,Clear and Sunny
D2058,Clear and Sunny
D2059,Clear and Sunny
D2060,Clear and Sunny
D2061,Clear and Sunny
D2062,Clear and Sunny
D2063,Clear and Sunny
D2064,Clear and Sunny
D2065,Clear and Sunny
D2066,Clear and Sunny
D2067,Clear and Sunny
D2068,Clear and Sunny
D2069,Clear and Sunny
D2070,Clear and Sunny
D2071,Clear and Sunny
D2072,Clear and Sunny
D2073,Clear and Sunny
D2074,Clear and Sunny
D2075,Clear and Sunny
D2076,Clear and Sunny
D2077,Clear and Sunny
D2078,Clear and Sunny
D2079,Clear and Sunny
D2080,Clear and Sunny
D2081,Clear and Sunny
D2082,Clear and Sunny
D2083,Clear and Sunny
D2084,Clear and Sunny
D2085,Clear and Sunny
D2086,Clear and Sunny
D2087,Clear and Sunny
D2088,Clear and Sunny
D2089,Clear and Sunny
D2090,Clear and Sunny
D2091,Clear and Sunny
D2092,Clear and Sunny
D2093,Clear and Sunny
D2094,Clear and Sunny
D2095,Clear and Sunny
D2096,Clear and Sunny
D2097,Clear and Sunny
D2098,Clear and Sunny
D2099,Clear and Sunny
D2100,Clear and Sunny
D2101,Clear and Sunny
D2102,Clear and Sunny
D2103,Clear and Sunny
D2104,Clear and Sunny
D2105,Clear and Sunny
D2106,Clear and Sunny
D2107,Clear and Sunny
D2108,Clear and Sunny
D2109,Clear and Sunny
D2110,Clear and Sunny
D2111,Clear and Sunny
D2112,Clear and Sunny
D2113,Clear and Sunny
D2114,Clear and Sunny
D2115,Clear and Sunny
D2116,Clear and Sunny
D2117,Clear and Sunny
D2118,Clear and Sunny
D2119,Clear and Sunny
D2120,Clear and Sunny
D2121,Clear and Sunny
D2122,Clear and Sunny
D2123,Clear and Sunny
D2124,Clear and Sunny
D2125,Clear and Sunny
D2126,Clear and Sunny
D2127,Clear and Sunny
D2128,Clear and Sunny
D2129,Clear and Sunny
D2130,Clear and Sunny
D2131,Clear and Sunny
D2132,Clear and Sunny
D2133,Clear and Sunny
D2134,Clear and Sunny
D2135,Clear and Sunny
D2136,Clear and Sunny
D2137,Clear and Sunny
D2138,Clear and Sunny
D2139,Clear and Sunny
D2140,Clear and Sunny
D2141,Clear and Sunny
D2142,Clear and Sunny
D2143,Clear and Sunny
D2144,Clear and Sunny
D2145,Clear and Sunny
D2146,Clear and Sunny
D2147,Clear and Sunny
D2148,Clear and Sunny
D2149,Clear and Sunny
D2150,Clear and Sunny
D2151,Clear and Sunny
D2152,Clear and Sunny
D2153,Clear and Sunny
D2154,Clear and Sunny
D2155,Clear and Sunny
D2156,Clear and Sunny
D2157,Clear and Sunny
D2158,Clear and Sunny
D2159,Clear and Sunny
D2160,Clear and Sunny
D2161,Clear and Sunny
D2162,Clear and Sunny
D2163,Clear and Sunny
D2164,Clear and Sunny
D2165,Clear and Sunny
D2166,Clear and Sunny
D2167,Clear and Sunny
D2168,Clear and Sunny
D2169,Clear and Sunny
D2170,Clear and Sunny
D2171,Clear and Sunny
D2172,Clear and Sunny
D2173,Clear and Sunny
D2174,Clear and Sunny
D2175,Clear and Sunny
D2176,Clear and Sunny
D2177,Clear and Sunny
D2178,Clear and Sunny
D2179,Clear and Sunny
D2180,Clear and Sunny
D2181,Clear and Sunny
D2182,Clear and Sunny
D2183,Clear and Sunny
D2184,Clear and Sunny
D2185,Clear and Sunny
D2186,Clear and Sunny
D2187,Clear and Sunny
D2188,Clear and Sunny
D2189,Clear and Sunny
D2190,Clear and Sunny
D2191,Clear and Sunny
D2192,Clear and Sunny
D2193,Clear and Sunny
D2194,Clear and Sunny
D2195,Clear and Sunny
D2196,Clear and Sunny
D2197,Clear and Sunny
D2198,Clear and Sunny
D2199,Clear and Sunny
D2200,Clear and Sunny
D2201,Clear and Sunny
D2202,Clear and Sunny
D2203,Clear and Sunny
D2204,Clear and Sunny
D2205,Clear and Sunny
D2206,Clear and Sunny
D2207,Clear and Sunny
D2208,Clear and Sunny
D2209,Clear and Sunny
D2210,Clear and Sunny
D2211,Clear and Sunny
D2212,Clear and Sunny
D2213,Clear and Sunny
D2214,Clear and Sunny
D2215,Clear and Sunny
D2216,Clear and Sunny
D2217,Clear and Sunny
D2218,Clear and Sunny
D2219,Clear and Sunny
D2220,Clear and Sunny
D2221,Clear and Sunny
D2222,Clear and Sunny
D2223,Clear and Sunny
D2224,Clear and Sunny
D2225,Clear and Sunny
D2226,Clear and Sunny
D2227,Clear and Sunny
D2228,Clear and Sunny
D2229,Clear and Sunny
D2230,Clear and Sunny
D2231,Clear and Sunny
D2232,Clear and Sunny
D2233,Clear and Sunny
D2234,Clear and Sunny
D2235,Clear and Sunny
D2236,Clear and Sunny
D2237,Clear and Sunny
D2238,Clear and Sunny
D2239,Clear and Sunny
D2240,Clear and Sunny
D2241,Clear and Sunny
D2242,Clear and Sunny
D2243,Clear and Sunny
D2244,Clear and Sunny
D2245,Clear and Sunny
D2246,Clear and Sunny
D2247,Clear and Sunny
D2248,Clear and Sunny
D2249,Clear and Sunny
D2250,Clear and Sunny
D2251,Clear and Sunny
D2252,Clear and Sunny
D2253,Clear and Sunny
D2254,Clear and Sunny
D2255,Clear and Sunny
D2256,Clear and Sunny
D2257,Clear and Sunny
D2258,Clear and Sunny
D2259,Clear and Sunny
D2260,Clear and Sunny
D2261,Clear and Sunny
D2262,Clear and Sunny
D2263,Clear and Sunny
D2264,Clear and Sunny
D2265,Clear and Sunny
D2266,Clear and Sunny
D2267,Clear and Sunny
D2268,Clear and Sunny
D2269,Clear and Sunny
D2270,Clear and Sunny
D2271,Clear and Sunny
D2272,Clear and Sunny
D2273,Clear and Sunny
D2274,Clear and Sunny
D2275,Clear and Sunny
D2276,Clear and Sunny
D2277,Clear and Sunny
D2278,Clear and Sunny
D2279,Clear and Sunny
D2280,Clear and Sunny
D2281,Clear and Sunny
D2282,Clear and Sunny
D2283,Clear and Sunny
D2284,Clear and Sunny
D2285,Clear and Sunny
D2286,Clear and Sunny
D2287,Clear and Sunny
D2288,Clear and Sunny
D2289,Clear and Sunny
D2290,Clear and Sunny
D2291,Clear and Sunny
D2292,Clear and Sunny
D2293,Clear and Sunny
D2294,Clear and Sunny
D2295,Clear and Sunny
D2296,Clear and Sunny
D2297,Clear and Sunny
D2298,Clear and Sunny
D2299,Clear and Sunny
D2300,Clear and Sunny
D2301,Clear and Sunny
D2302,Clear and Sunny
D2303,Clear and Sunny
D2304,Clear and Sunny
D2305,Clear and Sunny
D2306,Clear and Sunny
D2307,Clear and Sunny
D2308,Clear and Sunny
D2309,Clear and Sunny
D2310,Clear and Sunny
D2311,Clear and Sunny
D2312,Clear and Sunny
D2313,Clear and Sunny
D2314,Clear and Sunny
D2315,Clear and Sunny
D2316,Clear and Sunny
D2317,Clear and Sunny
D2318,Clear and Sunny
D2319,Clear and Sunny
D2320,Clear and Sunny
D2321,Clear and Sunny
D2322,Clear and Sunny
D2323,Clear and Sunny
D2324,Clear and Sunny
D2325,Clear and Sunny
D2326,Clear and Sunny
D2327,Clear and Sunny
D2328,Clear and Sunny
D2329,Clear and Sunny
D2330,Clear and Sunny
D2331,Clear and Sunny
D2332,Clear and Sunny
D2333,Clear and Sunny
D2334,Clear and Sunny
D2335,Clear and Sunny
D2336,Clear and Sunny
D2337,Clear and Sunny
D2338,Clear and Sunny
D2339,Clear and Sunny
D2340,Clear and Sunny
D2341,Clear and Sunny
D2342,Clear and Sunny
D2343,Clear and Sunny
D2344,Clear and Sunny
D2345,Clear and Sunny
D2346,Clear and Sunny
D2347,Clear and Sunny
D2348,Clear and Sunny
D2349,Clear and Sunny
D2350,Clear and Sunny
D2351,Clear and Sunny
D2352,Clear and Sunny
D2353,Clear and Sunny
D2354,Clear and Sunny
D2355,Clear and Sunny
D2356,Clear and Sunny
D2357,Clear and Sunny
D2358,Clear and Sunny
D2359,Clear and Sunny
D2360,Clear and Sunny
D2361,Clear and Sunny
D2362,Clear and Sunny
D2363,Clear and Sunny
D2364,Clear and Sunny
D2365,Clear and Sunny
D2366,Clear and Sunny
D2367,Clear and Sunny
D2368,Clear and Sunny
D2369,Clear and Sunny
D2370,Clear and Sunny
D2371,Clear and Sunny
D2372,Clear and Sunny
D2373,Clear and Sunny
D2374,Clear and Sunny
D2375,Clear and Sunny
D2376,Clear and Sunny
D2377,Clear and Sunny
D2378,Clear and Sunny
D2379,Clear and Sunny
D2380,Clear and Sunny
D2381,Clear and Sunny
D2382,Clear and Sunny
D2383,Clear and Sunny
D2384,Clear and Sunny
D2385,Clear and Sunny
D2386,Clear and Sunny
D2387,Clear and Sunny
D2388,Clear and Sunny
D2389,Clear and Sunny
D2390,Clear and Sunny
D2391,Clear and Sunny
D2392,Clear and Sunny
D2393,Clear and Sunny
D2394,Clear and Sunny
D2395,Clear and Sunny
D2396,Clear and Sunny
D2397,Clear and Sunny
D2398,Clear and Sunny
D2399,Clear and Sunny
D2400,Clear and Sunny
D2401,Clear and Sunny
D2402,Clear and Sunny
D2403,Clear and Sunny
D2404,Clear and Sunny
D2405,Clear and Sunny
D2406,Clear and Sunny
D2407,Clear and Sunny
D2408,Clear and Sunny
D2409,Clear and Sunny
D2410,Clear and Sunny
D2411,Clear and Sunny
D2412,Clear and Sunny
D2413,Clear and Sunny
D2414,Clear and Sunny
D2415,Clear and Sunny
D2416,Clear and Sunny
D2417,Clear and Sunny
D2418,Clear and Sunny
D2419,Clear and Sunny
D2420,Clear and Sunny
D2421,Clear and Sunny
D2422,Clear and Sunny
D2423,Clear and Sunny
D2424,Clear and Sunny
D2425,Clear and Sunny
D2426,Clear and Sunny
D2427,Clear and Sunny
D2428,Clear and Sunny
D2429,Clear and Sunny
D2430,Clear and Sunny
D2431,Clear and Sunny
D2432,Clear and Sunny
D2433,Clear and Sunny
D2434,Clear and Sunny
D2435,Clear and Sunny
D2436,Clear and Sunny
D2437,Clear and Sunny
D2438,Clear and Sunny
D2439,Clear and Sunny
D2440,Clear and Sunny
D2441,Clear and Sunny
D2442,Clear and Sunny
D2443,Clear and Sunny
D2444,Clear and Sunny
D2445,Clear and Sunny
D2446,Clear and Sunny
D2447,Clear and Sunny
D2448,Clear and Sunny
D2449,Clear and Sunny
D2450,Clear and Sunny
D2451,Clear and Sunny
D2452,Clear and Sunny
D2453,Clear and Sunny
D2454,Clear and Sunny
D2455,Clear and Sunny
D2456,Clear and Sunny
D2457,Clear and Sunny
D2458,Clear and Sunny
D2459,Clear and Sunny
D2460,Clear and Sunny
D2461,Clear and Sunny
D2462,Clear and Sunny
D2463,Clear and Sunny
D2464,Clear and Sunny
D2465,Clear and Sunny
D2466,Clear and Sunny
D2467,Clear and Sunny
D2468,Clear and Sunny
D2469,Clear and Sunny
D2470,Clear and Sunny
D2471,Clear and Sunny
D2472,Clear and Sunny
D2473,Clear and Sunny
D2474,Clear and Sunny
D2475,Clear and Sunny
D2476,Clear and Sunny
D2477,Clear and Sunny
D2478,Clear and Sunny
D2479,Clear and Sunny
D2480,Clear and Sunny
D2481,Clear and Sunny
D2482,Clear and Sunny
D2483,Clear and Sunny
D2484,Clear and Sunny
D2485,Clear and Sunny
D2486,Clear and Sunny
D2487,Clear and Sunny
D2488,Clear and Sunny
D2489,Clear and Sunny
D2490,Clear and Sunny
D2491,Clear and Sunny
D2492,Clear and Sunny
D2493,Clear and Sunny
D2494,Clear and Sunny
D2495,Clear and Sunny
D2496,Clear and Sunny
D2497,Clear and Sunny
D2498,Clear and Sunny
D2499,Clear and Sunny
D2500,Clear and Sunny
D2501,Clear and Sunny
D2502,Clear and Sunny
D2503,Clear and Sunny
D2504,Clear and Sunny
D2505,Clear and Sunny
D2506,Clear and Sunny
D2507,Clear and Sunny
D2508,Clear and Sunny
D2509,Clear and Sunny
D2510,Clear and Sunny
D2511,Clear and Sunny
D2512,Clear and Sunny
D2513,Clear and Sunny
D2514,Clear and Sunny
D2515,Clear and Sunny
D2516,Clear and Sunny
D2517,Clear and Sunny
D2518,Clear and Sunny
D2519,Clear and Sunny
D2520,Clear and Sunny
D2521,Clear and Sunny
D2522,Clear and Sunny
D2523,Clear and Sunny
D2524,Clear and Sunny
D2525,Clear and Sunny
D2526,Clear and Sunny
D2527,Clear and Sunny
D2528,Clear and Sunny
D2529,Clear and Sunny
D2530,Clear and Sunny
D2531,Clear and Sunny
D2532,Clear and Sunny
D2533,Clear and Sunny
D2534,Clear and Sunny
D2535,Clear and Sunny
D2536,Clear and Sunny
D2537,Clear and Sunny
D2538,Clear and Sunny
D2539,Clear and Sunny
D2540,Clear and Sunny
D2541,Clear and Sunny
D2542,Clear and Sunny
D2543,Clear and Sunny
D2544,Clear and Sunny
D2545,Clear and Sunny
D2546,Clear and Sunny
D2547,Clear and Sunny
D2548,Clear and Sunny
D2549,Clear and Sunny
D2550,Clear and Sunny
D2551,Clear and Sunny
D2552,Clear and Sunny
D2553,Clear and Sunny
D2554,Clear and Sunny
D2555,Clear and Sunny
D2556,Clear and Sunny
D2557,Clear and Sunny
D2558,Clear and Sunny
D2559,Clear and Sunny
D2560,Clear and Sunny
D2561,Clear and Sunny
D2562,Clear and Sunny
D2563,Clear and Sunny
D2564,Clear and Sunny
D2565,Clear and Sunny
D2566,Clear and Sunny
D2567,Clear and Sunny
D2568,Clear and Sunny
D2569,Clear and Sunny
D2570,Clear and Sunny
D2571,Clear and Sunny
D2572,Clear and Sunny
D2573,Clear and Sunny
D2574,Clear and Sunny
D2575,Clear and Sunny
D2576,Clear and Sunny
D2577,Clear and Sunny
D2578,Clear and Sunny
D2579,Clear and Sunny
D2580,Clear and Sunny
D2581,Clear and Sunny
D2582,Clear and Sunny
D2583,Clear and Sunny
D2584,Clear and Sunny
D2585,Clear and Sunny
D2586,Clear and Sunny
D2587,Clear and Sunny
D2588,Clear and Sunny
D2589,Clear and Sunny
D2590,Clear and Sunny
D2591,Clear and Sunny
D2592,Clear and Sunny
D2593,Clear and Sunny
D2594,Clear and Sunny
D2595,Clear and Sunny
D2596,Clear and Sunny
D2597,Clear and Sunny
D2598,Clear and Sunny
D2599,Clear and Sunny
D2600,Clear and Sunny
D2601,Clear and Sunny
D2602,Clear and Sunny
D2603,Clear and Sunny
D2604,Clear and Sunny
D2605,Clear and Sunny
D2606,Clear and Sunny
D2607,Clear and Sunny
D2608,Clear and Sunny
D2609,Clear and Sunny
D2610,Clear and Sunny
D2611,Clear and Sunny
D2612,Clear and Sunny
D2613,Clear and Sunny
D2614,Clear and Sunny
D2615,Clear and Sunny
D2616,Clear and Sunny
D2617,Clear and Sunny
D2618,Clear and Sunny
D2619,Clear and Sunny
D2620,Clear and Sunny
D2621,Clear and Sunny
D2622,Clear and Sunny
D2623,Clear and Sunny
D2624,Clear and Sunny
D2625,Clear and Sunny
D2626,Clear and Sunny
D2627,Clear and Sunny
D2628,Clear and Sunny
D2629,Clear and Sunny
D2630,Clear and Sunny
D2631,Clear and Sunny
D2632,Clear and Sunny
D2633,Clear and Sunny
D2634,Clear and Sunny
D2635,Clear and Sunny
D2636,Clear and Sunny
D2637,Clear and Sunny
D2638,Clear and Sunny
D2639,Clear and Sunny
D2640,Clear and Sunny
D2641,Clear and Sunny
D2642,Clear and Sunny
D2643,Clear and Sunny
D2644,Clear and Sunny
D2645,Clear and Sunny
D2646,Clear and Sunny
D2647,Clear and Sunny
D2648,Clear and Sunny
D2649,Clear and Sunny
D2650,Clear and Sunny
D2651,Clear and Sunny
D2652,Clear and Sunny
D2653,Clear and Sunny
D2654,Clear and Sunny
D2655,Clear and Sunny
D2656,Clear and Sunny
D2657,Clear and Sunny
D2658,Clear and Sunny
D2659,Clear and Sunny
D2660,Clear and Sunny
D2661,Clear and Sunny
D2662,Clear and Sunny
D2663,Clear and Sunny
D2664,Clear and Sunny
D2665,Clear and Sunny
D2666,Clear and Sunny
D2667,Clear and Sunny
D2668,Clear and Sunny
D2669,Clear and Sunny
D2670,Clear and Sunny
D2671,Clear and Sunny
D2672,Clear and Sunny
D2673,Clear and Sunny
D2674,Clear and Sunny
D2675,Clear and Sunny
D2676,Clear and Sunny
D2677,Clear and Sunny
D2678,Clear and Sunny
D2679,Clear and Sunny
D2680,Clear and Sunny
D2681,Clear and Sunny
D2682,Clear and Sunny
D2683,Clear and Sunny
D2684,Clear and Sunny
D2685,Clear and Sunny
D2686,Clear and Sunny
D2687,Clear and Sunny
D2688,Clear and Sunny
D2689,Clear and Sunny
D2690,Clear and Sunny
D2691,Clear and Sunny
D2692,Clear and Sunny
D2693,Clear and Sunny
D2694,Clear and Sunny
D2695,Clear and Sunny
D2696,Clear and Sunny
D2697,Clear and Sunny
D2698,Clear and Sunny
D2699,Clear and Sunny
D2700,Clear and Sunny
D2701,Clear and Sunny
D2702,Clear and Sunny
D2703,Clear and Sunny
D2704,Clear and Sunny
D2705,Clear and Sunny
D2706,Clear and Sunny
D2707,Clear and Sunny
D2708,Clear and Sunny
D2709,Clear and Sunny
D2710,Clear and Sunny
D2711,Clear and Sunny
D2712,Clear and Sunny
D2713,Clear and Sunny
D2714,Clear and Sunny
D2715,Clear and Sunny
D2716,Clear and Sunny
D2717,Clear and Sunny
D2718,Clear and Sunny
D2719,Clear and Sunny
D2720,Clear and Sunny
D2721,Clear and Sunny
D2722,Clear and Sunny
D2723,Clear and Sunny
D2724,Clear and Sunny
D2725,Clear and Sunny
D2726,Clear and Sunny
D2727,Clear and Sunny
D2728,Clear and Sunny
D2729,Clear and Sunny
D2730,Clear and Sunny
D2731,Clear and Sunny
D2732,Clear and Sunny
D2733,Clear and Sunny
D2734,Clear and Sunny
D2735,Clear and Sunny
D2736,Clear and Sunny
D2737,Clear and Sunny
D2738,Clear and Sunny
D2739,Clear and Sunny
D2740,Clear and Sunny
D2741,Clear and Sunny
D2742,Clear and Sunny
D2743,Clear and Sunny
D2744,Clear and Sunny
D2745,Clear and Sunny
D2746,Clear and Sunny
D2747,Clear and Sunny
D2748,Clear and Sunny
D2749,Clear and Sunny
D2750,Clear and Sunny
D2751,Clear and Sunny
D2752,Clear and Sunny
D2753,Clear and Sunny
D2754,Clear and Sunny
D2755,Clear and Sunny
D2756,Clear and Sunny
D2757,Clear and Sunny
D2758,Clear and Sunny
D2759,Clear and Sunny
D2760,Clear and Sunny
D2761,Clear and Sunny
D2762,Clear and Sunny
D2763,Clear and Sunny
D2764,Clear and Sunny
D2765,Clear and Sunny
D2766,Clear and Sunny
D2767,Clear and Sunny
D2768,Clear and Sunny
D2769,Clear and Sunny
D2770,Clear and Sunny
D2771,Clear and Sunny
D2772,Clear and Sunny
D2773,Clear and Sunny
D2774,Clear and Sunny
D2775,Clear and Sunny
D2776,Clear and Sunny
D2777,Clear and Sunny
D2778,Clear and Sunny
D2779,Clear and Sunny
D2780,Clear and Sunny
D2781,Clear and Sunny
D2782,Clear and Sunny
D2783,Clear and Sunny
D2784,Clear and Sunny
D2785,Clear and Sunny
D2786,Clear and Sunny
D2787,Clear and Sunny
D2788,Clear and Sunny
D2789,Clear and Sunny
D2790,Clear and Sunny
D2791,Clear and Sunny
D2792,Clear and Sunny
D2793,Clear and Sunny
D2794,Clear and Sunny
D2795,Clear and Sunny
D2796,Clear and Sunny
D2797,Clear and Sunny
D2798,Clear and Sunny
D2799,Clear and Sunny
D2800,Clear and Sunny
D2801,Clear and Sunny
D2802,Clear and Sunny
D2803,Clear and Sunny
D2804,Clear and Sunny
D2805,Clear and Sunny
D2806,Clear and Sunny
D2807,Clear and Sunny
D2808,Clear and Sunny
D2809,Clear and Sunny
D2810,Clear and Sunny
D2811,Clear and Sunny
D2812,Clear and Sunny
D2813,Clear and Sunny
D2814,Clear and Sunny
D2815,Clear and Sunny
D2816,Clear and Sunny
D2817,Clear and Sunny
D2818,Clear and Sunny
D2819,Clear and Sunny
D2820,Clear and Sunny
D2821,Clear and Sunny
D2822,Clear and Sunny
D2823,Clear and Sunny
D2824,Clear and Sunny
D2825,Clear and Sunny
D2826,Clear and Sunny
D2827,Clear and Sunny
D2828,Clear and Sunny
D2829,Clear and Sunny
D2830,Clear and Sunny
D2831,Clear and Sunny
D2832,Clear and Sunny
D2833,Clear and Sunny
D2834,Clear and Sunny
D2835,Clear and Sunny
D2836,Clear and Sunny
D2837,Clear and Sunny
D2838,Clear and Sunny
D2839,Clear and Sunny
D2840,Clear and Sunny
D2841,Clear and Sunny
D2842,Clear and Sunny
D2843,Clear and Sunny
D2844,Clear and Sunny
D2845,Clear and Sunny
D2846,Clear and Sunny
D2847,Clear and Sunny
D2848,Clear and Sunny
D2849,Clear and Sunny
D2850,Clear and Sunny
D2851,Clear and Sunny
D2852,Clear and Sunny
D2853,Clear and Sunny
D2854,Clear and Sunny
D2855,Clear and Sunny
D2856,Clear and Sunny
D2857,Clear and Sunny
D2858,Clear and Sunny
D2859,Clear and Sunny
D2860,Clear and Sunny
D2861,Clear and Sunny
D2862,Clear and Sunny
D2863,Clear and Sunny
D2864,Clear and Sunny
D2865,Clear and Sunny
D2866,Clear and Sunny
D2867,Clear and Sunny
D2868,Clear and Sunny
D2869,Clear and Sunny
D2870,Clear and Sunny
D2871,Clear and Sunny
D2872,Clear and Sunny
D2873,Clear and Sunny
D2874,Clear and Sunny
D2875,Clear and Sunny
D2876,Clear and Sunny
D2877,Clear and Sunny
D2878,Clear and Sunny
D2879,Clear and Sunny
D2880,Clear and Sunny
D2881,Clear and Sunny
D2882,Clear and Sunny
D2883,Clear and Sunny
D2884,Clear and Sunny
D2885,Clear and Sunny
D2886,Clear and Sunny
D2887,Clear and Sunny
D2888,Clear and Sunny
D2889,Clear and Sunny
D2890,Clear and Sunny
D2891,Clear and Sunny
D2892,Clear and Sunny
D2893,Clear and Sunny
